{"Time spent (seconds)": [0.0045788], "[Giga] Operations per second": [0.00018927812236102618], "[Giga] OPS per thread": [0.00018927812236102618]}