{"Time spent (seconds)": [0.0040414, 0.0027866, 0.0034383], "[Giga] Operations per second": [0.16990811764899952, 0.24641737840618194, 0.19971109753851224], "[Giga] OPS per thread": [0.16990811764899952, 0.24641737840618194, 0.19971109753851224]}