{"Time spent (seconds)": [0.0057058, 0.0091474, 0.0110542], "[Giga] Operations per second": [0.12034537955530629, 0.07506686781672023, 0.0621181692629649], "[Giga] OPS per thread": [0.12034537955530629, 0.07506686781672023, 0.0621181692629649]}