{"Time spent (seconds)": [0.0087627, 0.002589, 0.000945], "[Giga] Operations per second": [9.89040668591492e-05, 0.000334749581563023, 0.0009171075837742504], "[Giga] OPS per thread": [9.89040668591492e-05, 0.000334749581563023, 0.0009171075837742504]}