{"Time spent (seconds)": [0.0037115, 0.009958, 0.0075894], "[Giga] Operations per second": [0.18501055278638465, 0.06895628305549976, 0.09047706889433507], "[Giga] OPS per thread": [0.18501055278638465, 0.06895628305549976, 0.09047706889433507]}