{
  "Time spent (seconds)": [0.0047548, 0.009634, 0.007136],
  "[Giga] Operations per second": [
    0.14441546787807408, 0.07127534426683274, 0.09622571001494767
  ],
  "[Giga] OPS per thread": [
    0.14441546787807408, 0.07127534426683274, 0.09622571001494767
  ]
}
