{"Time spent (seconds)": [92.3632935, 82.5185857, 91.0601615], "[Giga] Operations per second": [21.660119774745798, 24.244235199004386, 21.970090619705303], "[Giga] OPS per thread": [21.660119774745798, 24.244235199004386, 21.970090619705303]}