{"Time spent (seconds)": [0.0065001], "[Giga] Operations per second": [0.00013333128208283974], "[Giga] OPS per thread": [0.00013333128208283974]}