{"Time spent (seconds)": [0.7972091, 1.9498595, 1.8826162], "[Giga] Operations per second": [8.387594505214086, 3.429306915019603, 3.5517949259475543], "[Giga] OPS per thread": [8.387594505214086, 3.429306915019603, 3.5517949259475543]}