{"Time spent (seconds)": [0.0019123, 0.0032531, 0.0032644], "[Giga] Operations per second": [0.0004532064355313845, 0.00026641255008043606, 0.00026549034023608215], "[Giga] OPS per thread": [0.0004532064355313845, 0.00026641255008043606, 0.00026549034023608215]}